timestamp,arbitration_id,extended,remote,error,dlc,data
1744844174.635069,0x26e,0,0,0,8,AAAAAAAAAAA=
1744844174.6353555,0x3b3,0,0,0,8,RIjADBAAADo=
1744844174.6355476,0x37e,0,0,0,8,AAgAAAAAAAA=
1744844174.6357093,0x42b,0,0,0,8,17SATlI65gA=
1744844174.6358523,0x3a4,0,0,0,8,g8BD//////8=
1744844174.6359954,0x42c,0,0,0,8,hAAAABoAAAA=
1744844174.6361215,0x40a,0,0,0,8,wAAAMv6aLAA=
1744844174.6368854,0x468,0,0,0,8,AAAAAAAgAAA=
1744844174.6370485,0x42e,0,0,0,8,ZGCAE7RqAAA=
1744844174.6371956,0x469,0,0,0,8,AAAAAAAAAAA=
1744844174.637332,0x490,0,0,0,8,tqtqtrtstrA=
1744844174.6374595,0x491,0,0,0,8,tstrtstrtrA=
1744844174.6375883,0x492,0,0,0,8,tttttttstsA=
1744844174.6383708,0x493,0,0,0,8,tstststttsA=
1744844174.6385293,0x494,0,0,0,8,tstttttsttA=
1744844174.6386662,0x495,0,0,0,8,tststttsttA=
1744844174.6387954,0x496,0,0,0,8,trtstststtA=
1744844174.6389096,0x497,0,0,0,8,tstrtstrtrA=
1744844174.639035,0x498,0,0,0,8,tptptptotpA=
1744844174.6391542,0x499,0,0,0,8,totptototpA=
1744844174.6398523,0x49a,0,0,0,8,tqtrtrtrtqA=
1744844174.6400228,0x49b,0,0,0,8,trtqtqtqtqA=
1744844174.640173,0x49c,0,0,0,8,trtstrtrtrA=
1744844174.6403072,0x4b0,0,0,0,8,AQD//iAmqCQ=
1744844174.640429,0x49d,0,0,0,8,tstrtststsA=
1744844174.6405509,0x7d,0,0,0,8,BNUkIgqf6AA=
1744844174.6413941,0x7a,0,0,0,8,AAACwbxwAAA=
1744844174.6415524,0x7b,0,0,0,8,gAZLBAAAAAA=
1744844174.64169,0x7f,0,0,0,8,AAD/8AAAAAA=
1744844174.641817,0x12e,0,0,0,8,zRfn//////8=
1744844174.641934,0x83,0,0,0,8,AOCAAAIIAAA=
1744844174.6420588,0x39b,0,0,0,8,/gAv/v/iwwA=
1744844174.6433632,0x167,0,0,0,8,soAAEf/gAAA=
1744844174.6435852,0x49e,0,0,0,8,trtttotvtnA=
1744844174.6437593,0x202,0,0,0,8,B+9oAGAAAAA=
1744844174.6439044,0x49f,0,0,0,8,tvtntvtotuA=
1744844174.644037,0x204,0,0,0,8,+AB9AADuAAA=
1744844174.6441908,0x4a0,0,0,0,8,trtstrtqtpA=
1744844174.6443236,0x205,0,0,0,8,AAQAAAAAAAA=
1744844174.644443,0x4a1,0,0,0,8,tttotstptrA=
1744844174.6445656,0x7e,0,0,0,8,AABACwAMAAA=
1744844174.6447604,0x4a2,0,0,0,8,/+/+/+/+/+A=
1744844174.644884,0x213,0,0,0,8,//8ADAAB/0A=
1744844174.6450114,0x4a3,0,0,0,8,/+BMTEtLS0w=
1744844174.6452014,0x216,0,0,0,8,udWhvqoAJUU=
1744844174.645413,0x4a4,0,0,0,8,TExMTP7+/gA=
1744844174.6455712,0x217,0,0,0,8,AAAAAAAAAAA=
1744844174.6464002,0x4a5,0,0,0,8,WioKBAEAAgs=
1744844174.6465912,0x332,0,0,0,8,AAAAAAAAEAA=
1744844174.6469405,0x4a7,0,0,0,8,/v7+/v7+AAA=
1744844174.64708,0x333,0,0,0,8,AAAAAABAAAA=
1744844174.6472297,0x4f3,0,0,0,8,///v//7//+A=
1744844174.6473672,0x82,0,0,0,8,fQgUBJeAQP8=
1744844174.6474934,0x6f1,0,0,0,8,AyLuAMzMzMw=
1744844174.6476178,0x3a8,0,0,0,8,ABAnEAcl/kg=
1744844174.6477387,0x3ab,0,0,0,8,AhAAAAAAAP8=
1744844174.648391,0x3ae,0,0,0,8,AAAKAAAYAAA=
1744844174.6485236,0x47,0,0,0,8,IAAAAAAAAAA=
1744844174.6486468,0x3d8,0,0,0,8,AAAIDYAF8EQ=
1744844174.6493766,0x167,0,0,0,8,soAAEf/gAAA=
1744844174.6495225,0x176,0,0,0,8,EOHsIQAAAAA=
1744844174.6496568,0x230,0,0,0,8,AAIAAP4AAAM=
1744844174.649789,0x25b,0,0,0,8,ofQJ9OAAgAA=
1744844174.6504946,0x415,0,0,0,8,AADI+ggACAA=
1744844174.6506438,0x7a,0,0,0,8,AAACwbxwAAA=
1744844174.650784,0x7b,0,0,0,8,gAWLBAAAAAA=
1744844174.650911,0x7d,0,0,0,8,BNUjMgsf+AE=
1744844174.6510355,0x6f9,0,0,0,8,A38iMQAAAAA=
1744844174.651798,0x7f,0,0,0,8,AAD/8AAAAAA=
1744844174.6519244,0x202,0,0,0,8,B+14AGAAAAA=
1744844174.6520388,0x48,0,0,0,8,IAAAAAAAAAA=
1744844174.6522322,0x204,0,0,0,8,/AB9AADtAAA=
1744844174.6529481,0x205,0,0,0,8,AAQAAAAAAAA=
1744844174.6531346,0x213,0,0,0,8,//8ADAAB/0A=
1744844174.6532779,0x216,0,0,0,8,udWhvqoAJlA=
1744844174.653416,0x217,0,0,0,8,AAAAAAAAAAA=
1744844174.6535442,0x415,0,0,0,8,AADM+QgACAA=
1744844174.653879,0x41,0,0,0,8,AAAAAAAAAAA=
1744844174.6540122,0x42,0,0,0,8,AAAAAAAAAAA=
1744844174.6544755,0x3c3,0,0,0,8,XMkAAQAAAQA=
1744844174.6546278,0x4b0,0,0,0,8,AQD//jAmqCM=
1744844174.6554937,0x33d,0,0,0,8,AAAAAAAAAAA=
1744844174.655651,0x43d,0,0,0,8,QBTcFgiGArI=
1744844174.6564424,0x3a8,0,0,0,8,ABAnEAcl/kg=
1744844174.658894,0x167,0,0,0,8,sn//EZvgAAA=
1744844174.659057,0x4c,0,0,0,8,IKq/HsP1AAA=
1744844174.6597798,0x7e,0,0,0,8,AABACwAMAAA=
1744844174.6606207,0x217,0,0,0,8,AAAAAAAAAAA=
1744844174.6607769,0x7a,0,0,0,8,AAACwbxwAAA=
1744844174.6609128,0x7b,0,0,0,8,gAVLBAAAAAA=
1744844174.6610396,0x455,0,0,0,8,AIAAAAAAAAA=
1744844174.6611614,0x5a,0,0,0,8,AAAAF+6wEQA=
1744844174.6614783,0x204,0,0,0,8,wAB9AAD8AAA=
1744844174.6616106,0x205,0,0,0,8,AAQAAAAAAAA=
1744844174.6623397,0x3d9,0,0,0,8,/sz+OEAYAPE=
1744844174.667004,0x82,0,0,0,8,fQgUAJeAQP8=
1744844174.669018,0x47,0,0,0,8,IAAAAAAAAAA=
1744844174.6692007,0x167,0,0,0,8,sn//EZvgAAA=
1744844174.6693506,0x230,0,0,0,8,AAIAAP4AAAM=
1744844174.669569,0x25b,0,0,0,8,ofQJ9OAAgAA=
1744844174.6703246,0x4b0,0,0,0,8,AQD//kAmqCI=
1744844174.670513,0x7a,0,0,0,8,AAACwbxwAAA=
1744844174.670657,0x7b,0,0,0,8,gAVLBAAAAAA=
1744844174.670792,0x7d,0,0,0,8,BNUiQgsf+AA=
1744844174.6709192,0x7f,0,0,0,8,AAD/8AAAAAA=
1744844174.671654,0x213,0,0,0,8,//8ADAAB/0A=
1744844174.6717944,0x202,0,0,0,8,B/sIAGAAAAA=
1744844174.6719322,0x204,0,0,0,8,xAB9AAD7AAA=
1744844174.6720476,0x205,0,0,0,8,AAQAAAAAAAA=
1744844174.6728709,0x216,0,0,0,8,udWhvqoAJwA=
1744844174.673193,0x217,0,0,0,8,AAAAAAAAAAA=
1744844174.673342,0x415,0,0,0,8,AADQ+AgACAA=
1744844174.6746976,0x41,0,0,0,8,AAAAAAAAAAA=
1744844174.6750164,0x42,0,0,0,8,AAAAAAAAAAA=
1744844174.6752608,0x48,0,0,0,8,IAAAAAAAAAA=
1744844174.6754968,0x242,0,0,0,8,//8gBNcAAwE=
1744844174.675725,0x3a3,0,0,0,8,aPJB7QAAAAA=
1744844174.6758463,0x42e,0,0,0,8,ZGCAE7RqAAA=
1744844174.6759632,0x430,0,0,0,8,AwJhCnwBEpA=
1744844174.676077,0x3a8,0,0,0,8,ABAnEAcl/kg=
1744844174.6772654,0x2e7,0,0,0,8,//z/gAAAAAA=
1744844174.6773868,0x2ec,0,0,0,8,AAAAAAFgAAA=
1744844174.6787856,0x167,0,0,0,8,sn//EZvgAAA=
1744844174.6789353,0x390,0,0,0,8,AgAUIAAAAAA=
1744844174.6798518,0x7e,0,0,0,8,AABACwAMAAA=
1744844174.6800692,0x4df,0,0,0,8,uPcAAAAAAAA=
1744844174.6802409,0x7a,0,0,0,8,AAACwbxwAAA=
1744844174.6803718,0x7b,0,0,0,8,gAULBAAAAAA=
1744844174.68049,0x217,0,0,0,8,AAAAAAAAAAA=
1744844174.6813493,0x204,0,0,0,8,yAB9AAD6AAA=
1744844174.6815012,0x205,0,0,0,8,AAQAAAAAAAA=
1744844174.6839094,0x42c,0,0,0,8,hAAAABoAAAA=
1744844174.6869104,0x82,0,0,0,8,fQgUAJeAQP8=
1744844174.6871176,0x3d9,0,0,0,8,/sz+AEAYAP8=
1744844174.688882,0x47,0,0,0,8,IAAAAAAAAAA=
1744844174.6890345,0x167,0,0,0,8,sn//EZvgAAA=
1744844174.689156,0x230,0,0,0,8,AAIAAP4AAAM=
1744844174.6892715,0x25b,0,0,0,8,ofQJ9OAAgAA=
1744844174.6909912,0x7a,0,0,0,8,AAACwbxwAAA=
1744844174.6912181,0x7b,0,0,0,8,gAVLBAAAAAA=
1744844174.6914124,0x4b0,0,0,0,8,AQD//lAmqCE=
1744844174.691554,0x7d,0,0,0,8,BNUhUgsf+AE=
1744844174.6916916,0x7f,0,0,0,8,AAD/8AAAAAA=
1744844174.6918263,0x156,0,0,0,8,SwAAAAEAAAA=
1744844174.6919446,0x178,0,0,0,8,ATACAE5Yxlg=
1744844174.6920724,0x202,0,0,0,8,B/kYAGAAAAA=
1744844174.6921887,0x204,0,0,0,8,zAB9AAD5AAA=
1744844174.6923003,0x205,0,0,0,8,AAQAAAAAAAA=
1744844174.6929595,0x213,0,0,0,8,//8ADAAB/0A=
1744844174.693088,0x216,0,0,0,8,udWhvqoAKBU=
1744844174.6932065,0x217,0,0,0,8,AAAAAAAAAAA=
1744844174.694435,0x415,0,0,0,8,AADU9wgACAA=
1744844174.6946123,0x41,0,0,0,8,AAAAAAAAAAA=
1744844174.6947644,0x42,0,0,0,8,AAAAAAAAAAA=
1744844174.694892,0x421,0,0,0,8,AAAQAAAAOAA=
1744844174.6950269,0x42d,0,0,0,8,AAG4JzcAAAA=
1744844174.6952138,0x43e,0,0,0,8,AHMAAAAAAAA=
1744844174.6959949,0x3a8,0,0,0,8,ABAnEAcl/kg=
1744844174.6961818,0x48,0,0,0,8,IAAAAAAAAAA=
1744844174.6963289,0x6f1,0,0,0,8,AyLuAMzMzMw=
1744844174.6975968,0x326,0,0,0,8,AZgCdwHQAMg=
1744844174.699409,0x167,0,0,0,8,soAAEZvgAAA=
1744844174.6995623,0x430,0,0,0,8,AQJhCnxBAAA=
1744844174.6996999,0x411,0,0,0,8,AAAQsauqAAA=
1744844174.6998584,0x375,0,0,0,8,VP0AAAAAf/8=
1744844174.7000375,0x7a,0,0,0,8,AAACwbxwAAA=
1744844174.7001526,0x7b,0,0,0,8,gAULBAAAAAA=
1744844174.7009306,0x7e,0,0,0,8,AABACwAMAAA=
1744844174.7011003,0x217,0,0,0,8,AAAAAAAAAAA=
1744844174.7012808,0x204,0,0,0,8,0AB9AAD4AAA=
1744844174.701426,0x6f9,0,0,0,8,A38iMQAAAAA=
1744844174.701557,0x205,0,0,0,8,AAQAAAAAAAA=
1744844174.7016778,0x434,0,0,0,8,IAAUAAT3AAA=
1744844174.70238,0x435,0,0,0,8,AAAAAAAgAAA=
1744844174.705475,0x43d,0,0,0,8,QBbcGQqGArA=
1744844174.7072353,0x82,0,0,0,8,fQgUAJeAQP8=
1744844174.7090847,0x410,0,0,0,8,AABAAsALf8A=
1744844174.7092896,0x47,0,0,0,8,IAAAAAAAAAA=
1744844174.7094386,0x5c,0,0,0,8,i3wA7qoSAAA=
1744844174.7095687,0x167,0,0,0,8,soAAEZvgAAA=
1744844174.7096884,0x176,0,0,0,8,EOfmIQAAAAA=
1744844174.7098296,0x185,0,0,0,8,BaB1YLCAAAA=
1744844174.7100108,0x203,0,0,0,8,QAAAAAAAAAA=
1744844174.7101612,0x230,0,0,0,8,AAIAAP4AAAM=
1744844174.7103057,0x7a,0,0,0,8,AAACwbxwAAA=
1744844174.7110403,0x7b,0,0,0,8,gAULBAAAAAA=
1744844174.7111883,0x7d,0,0,0,8,BNUgYgof+AA=
1744844174.7113175,0x7f,0,0,0,8,AAD/8AAAAAA=
1744844174.7114358,0x213,0,0,0,8,//8ADAAB/0A=
1744844174.7115543,0x202,0,0,0,8,B/coAGAAAAA=
1744844174.712288,0x204,0,0,0,8,1AB9AAD3AAA=
1744844174.712428,0x205,0,0,0,8,AAQAAAAAAAA=
1744844174.7125535,0x216,0,0,0,8,udWhvqoAKVU=
1744844174.7133894,0x217,0,0,0,8,AAAAAAAAAAA=
1744844174.7135737,0x25a,0,0,0,8,AQGQgAAAAAA=
1744844174.7137246,0x25b,0,0,0,8,ofQJ9OAAgAA=
1744844174.7138572,0x41,0,0,0,8,AAAAAAAAAAA=
1744844174.7139819,0x42,0,0,0,8,AAAAAAAAAAA=
1744844174.7141016,0x242,0,0,0,8,//8gBdcAAwE=
1744844174.7149074,0x415,0,0,0,8,AADY9ggACAA=
1744844174.7151303,0x42e,0,0,0,8,ZGCAF7RqAAA=
1744844174.7153728,0x4b0,0,0,0,8,AQD//mAmqCA=
1744844174.7163572,0x3a8,0,0,0,8,ABAnEAcl/kg=
1744844174.7184818,0x48,0,0,0,8,IAAAAAAAAAA=
1744844174.7187028,0x167,0,0,0,8,soAAEZvgAAA=
1744844174.7194874,0x390,0,0,0,8,AgAEIAAAAAA=
1744844174.7202582,0x7e,0,0,0,8,AABACwAMAAA=
1744844174.7204192,0x7a,0,0,0,8,AAACwbxwAAA=
1744844174.7205622,0x7b,0,0,0,8,gAULBAAAAAA=
1744844174.7206984,0x217,0,0,0,8,AAAAAAAAAAA=
1744844174.7209628,0x47e,0,0,0,8,AQEeCAsECwA=
1744844174.7211277,0x204,0,0,0,8,2AB9AAD2AAA=
1744844174.7212698,0x205,0,0,0,8,AAQAAAAAAAA=
1744844174.726888,0x82,0,0,0,8,fQgUAJeAQP8=
1744844174.728529,0x47,0,0,0,8,IAAAAAAAAAA=
1744844174.728678,0x167,0,0,0,8,sn//EZvgAAA=
1744844174.7294054,0x230,0,0,0,8,AAIAAP4AAAM=
1744844174.7295496,0x25b,0,0,0,8,ofQJ9OAAgAA=
1744844174.7302566,0x4b0,0,0,0,8,AQD//nAmqB8=
1744844174.7303777,0x7a,0,0,0,8,AAACwbxwAAA=
1744844174.7305338,0x7b,0,0,0,8,gAVLBAAAAAA=
1744844174.7306547,0x7d,0,0,0,8,BNUfcgqf+AA=
1744844174.731453,0x24b,0,0,0,8,AuQGQU8OqL4=
1744844174.7315998,0x7f,0,0,0,8,AAD/8AAAAAA=
1744844174.7317164,0x24c,0,0,0,8,S6CYG7MAlgA=
1744844174.7318258,0x202,0,0,0,8,D/U4AGAAAAA=
1744844174.7319345,0x286,0,0,0,8,DNAbjgwsG0g=
1744844174.7320483,0x204,0,0,0,8,3AB9AAD1AAA=
1744844174.7328525,0x2e4,0,0,0,8,CMD/gAAAAAA=
1744844174.7330058,0x205,0,0,0,8,AAQAAAAAAAA=
1744844174.7331235,0x46f,0,0,0,8,E4gAAAAAAAA=
1744844174.7332356,0x213,0,0,0,8,//8ADAAB/0A=
1744844174.7333477,0x490,0,0,0,8,tqtrtrtrtrA=
1744844174.734714,0x216,0,0,0,8,udWhvqoAKlU=
1744844174.7348619,0x41,0,0,0,8,AAAAAAAAAAA=
1744844174.7349792,0x42,0,0,0,8,AAAAAAAAAAA=
1744844174.7352366,0x12f,0,0,0,8,R/Nf//////8=
1744844174.735392,0x217,0,0,0,8,AAAAAAAAAAA=
1744844174.7357779,0x3a3,0,0,0,8,GPxB9wAAAAA=
1744844174.7360718,0x415,0,0,0,8,AADc9QgACAA=
1744844174.736238,0x42b,0,0,0,8,17SAXlI65gA=
1744844174.7364082,0x83,0,0,0,8,AOCAAAIIAAA=
